iter	Logloss
0	0.6060260739
1	0.5440133297
2	0.497605413
3	0.4603992682
4	0.4267712116
5	0.4023261012
6	0.3857454437
7	0.3707635821
8	0.3566108791
9	0.3417490274
